log_date,log_hour,error_type,error_count,affected_page,server_id
2024-01-01,0,404_NOT_FOUND,10,/misc/broken-links,server-02
2024-01-01,1,404_NOT_FOUND,12,/misc/broken-links,server-03
2024-01-01,2,404_NOT_FOUND,2,/misc/broken-links,server-02
2024-01-01,3,404_NOT_FOUND,2,/misc/broken-links,server-03
2024-01-01,4,404_NOT_FOUND,8,/misc/broken-links,server-03
2024-01-01,5,404_NOT_FOUND,13,/misc/broken-links,server-02
2024-01-01,6,404_NOT_FOUND,3,/misc/broken-links,server-01
2024-01-01,7,404_NOT_FOUND,10,/misc/broken-links,server-01
2024-01-01,8,404_NOT_FOUND,8,/misc/broken-links,server-02
2024-01-01,9,404_NOT_FOUND,2,/misc/broken-links,server-01
2024-01-01,10,404_NOT_FOUND,13,/misc/broken-links,server-02
2024-01-01,11,404_NOT_FOUND,3,/misc/broken-links,server-01
2024-01-01,12,404_NOT_FOUND,5,/misc/broken-links,server-03
2024-01-01,13,404_NOT_FOUND,8,/misc/broken-links,server-03
2024-01-01,14,404_NOT_FOUND,7,/misc/broken-links,server-02
2024-01-01,15,404_NOT_FOUND,13,/misc/broken-links,server-01
2024-01-01,16,404_NOT_FOUND,11,/misc/broken-links,server-01
2024-01-01,17,404_NOT_FOUND,10,/misc/broken-links,server-01
2024-01-01,18,404_NOT_FOUND,12,/misc/broken-links,server-02
2024-01-01,19,404_NOT_FOUND,3,/misc/broken-links,server-03
2024-01-01,20,404_NOT_FOUND,11,/misc/broken-links,server-01
2024-01-01,21,404_NOT_FOUND,8,/misc/broken-links,server-03
2024-01-01,22,404_NOT_FOUND,4,/misc/broken-links,server-01
2024-01-01,23,404_NOT_FOUND,6,/misc/broken-links,server-02
2024-01-02,0,404_NOT_FOUND,15,/misc/broken-links,server-02
2024-01-02,1,404_NOT_FOUND,14,/misc/broken-links,server-02
2024-01-02,2,404_NOT_FOUND,13,/misc/broken-links,server-03
2024-01-02,3,404_NOT_FOUND,7,/misc/broken-links,server-02
2024-01-02,4,404_NOT_FOUND,9,/misc/broken-links,server-02
2024-01-02,5,404_NOT_FOUND,5,/misc/broken-links,server-01
2024-01-02,6,404_NOT_FOUND,5,/misc/broken-links,server-01
2024-01-02,7,404_NOT_FOUND,14,/misc/broken-links,server-03
2024-01-02,8,404_NOT_FOUND,3,/misc/broken-links,server-01
2024-01-02,9,404_NOT_FOUND,3,/misc/broken-links,server-01
2024-01-02,10,404_NOT_FOUND,9,/misc/broken-links,server-02
2024-01-02,11,404_NOT_FOUND,7,/misc/broken-links,server-02
2024-01-02,12,404_NOT_FOUND,3,/misc/broken-links,server-03
2024-01-02,13,404_NOT_FOUND,7,/misc/broken-links,server-01
2024-01-02,14,404_NOT_FOUND,9,/misc/broken-links,server-02
2024-01-02,15,404_NOT_FOUND,9,/misc/broken-links,server-02
2024-01-02,16,404_NOT_FOUND,15,/misc/broken-links,server-01
2024-01-02,17,404_NOT_FOUND,3,/misc/broken-links,server-01
2024-01-02,18,404_NOT_FOUND,14,/misc/broken-links,server-03
2024-01-02,19,404_NOT_FOUND,6,/misc/broken-links,server-03
2024-01-02,20,404_NOT_FOUND,13,/misc/broken-links,server-03
2024-01-02,21,404_NOT_FOUND,2,/misc/broken-links,server-01
2024-01-02,22,404_NOT_FOUND,15,/misc/broken-links,server-02
2024-01-02,23,404_NOT_FOUND,4,/misc/broken-links,server-01
2024-01-03,0,404_NOT_FOUND,13,/misc/broken-links,server-01
2024-01-03,1,404_NOT_FOUND,7,/misc/broken-links,server-02
2024-01-03,2,404_NOT_FOUND,10,/misc/broken-links,server-01
2024-01-03,3,404_NOT_FOUND,12,/misc/broken-links,server-02
2024-01-03,4,404_NOT_FOUND,6,/misc/broken-links,server-01
2024-01-03,5,404_NOT_FOUND,2,/misc/broken-links,server-02
2024-01-03,6,404_NOT_FOUND,15,/misc/broken-links,server-02
2024-01-03,7,404_NOT_FOUND,10,/misc/broken-links,server-03
2024-01-03,8,404_NOT_FOUND,10,/misc/broken-links,server-01
2024-01-03,9,404_NOT_FOUND,3,/misc/broken-links,server-02
2024-01-03,10,404_NOT_FOUND,3,/misc/broken-links,server-01
2024-01-03,11,404_NOT_FOUND,3,/misc/broken-links,server-01
2024-01-03,12,404_NOT_FOUND,2,/misc/broken-links,server-01
2024-01-03,13,404_NOT_FOUND,4,/misc/broken-links,server-01
2024-01-03,14,404_NOT_FOUND,15,/misc/broken-links,server-02
2024-01-03,15,404_NOT_FOUND,7,/misc/broken-links,server-03
2024-01-03,16,404_NOT_FOUND,12,/misc/broken-links,server-03
2024-01-03,17,404_NOT_FOUND,3,/misc/broken-links,server-03
2024-01-03,18,404_NOT_FOUND,11,/misc/broken-links,server-02
2024-01-03,19,404_NOT_FOUND,15,/misc/broken-links,server-01
2024-01-03,20,404_NOT_FOUND,2,/misc/broken-links,server-01
2024-01-03,21,404_NOT_FOUND,5,/misc/broken-links,server-03
2024-01-03,22,404_NOT_FOUND,9,/misc/broken-links,server-01
2024-01-03,23,404_NOT_FOUND,3,/misc/broken-links,server-02
2024-01-04,0,404_NOT_FOUND,3,/misc/broken-links,server-01
2024-01-04,1,404_NOT_FOUND,9,/misc/broken-links,server-01
2024-01-04,2,404_NOT_FOUND,4,/misc/broken-links,server-03
2024-01-04,3,404_NOT_FOUND,8,/misc/broken-links,server-03
2024-01-04,4,404_NOT_FOUND,8,/misc/broken-links,server-02
2024-01-04,5,404_NOT_FOUND,2,/misc/broken-links,server-02
2024-01-04,6,404_NOT_FOUND,12,/misc/broken-links,server-02
2024-01-04,7,404_NOT_FOUND,4,/misc/broken-links,server-02
2024-01-04,8,404_NOT_FOUND,5,/misc/broken-links,server-01
2024-01-04,9,404_NOT_FOUND,6,/misc/broken-links,server-02
2024-01-04,10,404_NOT_FOUND,9,/misc/broken-links,server-01
2024-01-04,11,404_NOT_FOUND,2,/misc/broken-links,server-03
2024-01-04,12,404_NOT_FOUND,11,/misc/broken-links,server-03
2024-01-04,13,404_NOT_FOUND,5,/misc/broken-links,server-03
2024-01-04,14,404_NOT_FOUND,6,/misc/broken-links,server-02
2024-01-04,15,404_NOT_FOUND,8,/misc/broken-links,server-03
2024-01-04,16,404_NOT_FOUND,9,/misc/broken-links,server-01
2024-01-04,17,404_NOT_FOUND,3,/misc/broken-links,server-02
2024-01-04,18,404_NOT_FOUND,8,/misc/broken-links,server-01
2024-01-04,19,404_NOT_FOUND,8,/misc/broken-links,server-01
2024-01-04,20,404_NOT_FOUND,12,/misc/broken-links,server-03
2024-01-04,21,404_NOT_FOUND,5,/misc/broken-links,server-03
2024-01-04,22,404_NOT_FOUND,14,/misc/broken-links,server-03
2024-01-04,23,404_NOT_FOUND,14,/misc/broken-links,server-01
2024-01-05,0,404_NOT_FOUND,8,/misc/broken-links,server-03
2024-01-05,1,404_NOT_FOUND,7,/misc/broken-links,server-02
2024-01-05,2,404_NOT_FOUND,10,/misc/broken-links,server-02
2024-01-05,3,404_NOT_FOUND,7,/misc/broken-links,server-03
2024-01-05,4,404_NOT_FOUND,10,/misc/broken-links,server-02
2024-01-05,5,404_NOT_FOUND,8,/misc/broken-links,server-02
2024-01-05,6,404_NOT_FOUND,4,/misc/broken-links,server-01
2024-01-05,7,404_NOT_FOUND,7,/misc/broken-links,server-03
2024-01-05,8,404_NOT_FOUND,5,/misc/broken-links,server-01
2024-01-05,9,404_NOT_FOUND,14,/misc/broken-links,server-02
2024-01-05,10,404_NOT_FOUND,2,/misc/broken-links,server-02
2024-01-05,11,404_NOT_FOUND,10,/misc/broken-links,server-02
2024-01-05,12,404_NOT_FOUND,14,/misc/broken-links,server-03
2024-01-05,13,404_NOT_FOUND,5,/misc/broken-links,server-01
2024-01-05,14,404_NOT_FOUND,3,/misc/broken-links,server-01
2024-01-05,15,404_NOT_FOUND,12,/misc/broken-links,server-01
2024-01-05,16,404_NOT_FOUND,6,/misc/broken-links,server-03
2024-01-05,17,404_NOT_FOUND,15,/misc/broken-links,server-03
2024-01-05,18,404_NOT_FOUND,2,/misc/broken-links,server-01
2024-01-05,19,404_NOT_FOUND,11,/misc/broken-links,server-02
2024-01-05,20,404_NOT_FOUND,7,/misc/broken-links,server-01
2024-01-05,21,404_NOT_FOUND,4,/misc/broken-links,server-01
2024-01-05,22,404_NOT_FOUND,11,/misc/broken-links,server-02
2024-01-05,23,404_NOT_FOUND,14,/misc/broken-links,server-03
2024-01-06,0,404_NOT_FOUND,13,/misc/broken-links,server-02
2024-01-06,1,404_NOT_FOUND,11,/misc/broken-links,server-01
2024-01-06,2,404_NOT_FOUND,13,/misc/broken-links,server-03
2024-01-06,3,404_NOT_FOUND,7,/misc/broken-links,server-03
2024-01-06,4,404_NOT_FOUND,11,/misc/broken-links,server-01
2024-01-06,5,404_NOT_FOUND,11,/misc/broken-links,server-01
2024-01-06,6,404_NOT_FOUND,15,/misc/broken-links,server-02
2024-01-06,7,404_NOT_FOUND,10,/misc/broken-links,server-02
2024-01-06,8,404_NOT_FOUND,4,/misc/broken-links,server-02
2024-01-06,9,404_NOT_FOUND,2,/misc/broken-links,server-01
2024-01-06,10,404_NOT_FOUND,2,/misc/broken-links,server-01
2024-01-06,11,404_NOT_FOUND,11,/misc/broken-links,server-01
2024-01-06,12,404_NOT_FOUND,2,/misc/broken-links,server-03
2024-01-06,13,404_NOT_FOUND,9,/misc/broken-links,server-01
2024-01-06,14,404_NOT_FOUND,7,/misc/broken-links,server-03
2024-01-06,15,404_NOT_FOUND,5,/misc/broken-links,server-01
2024-01-06,16,404_NOT_FOUND,7,/misc/broken-links,server-03
2024-01-06,17,404_NOT_FOUND,4,/misc/broken-links,server-02
2024-01-06,18,404_NOT_FOUND,2,/misc/broken-links,server-01
2024-01-06,19,404_NOT_FOUND,4,/misc/broken-links,server-03
2024-01-06,20,404_NOT_FOUND,13,/misc/broken-links,server-01
2024-01-06,21,404_NOT_FOUND,14,/misc/broken-links,server-01
2024-01-06,22,404_NOT_FOUND,15,/misc/broken-links,server-03
2024-01-06,23,404_NOT_FOUND,15,/misc/broken-links,server-02
2024-01-07,0,404_NOT_FOUND,3,/misc/broken-links,server-02
2024-01-07,1,404_NOT_FOUND,13,/misc/broken-links,server-03
2024-01-07,2,404_NOT_FOUND,8,/misc/broken-links,server-03
2024-01-07,3,404_NOT_FOUND,3,/misc/broken-links,server-02
2024-01-07,4,404_NOT_FOUND,6,/misc/broken-links,server-02
2024-01-07,5,404_NOT_FOUND,4,/misc/broken-links,server-01
2024-01-07,6,404_NOT_FOUND,13,/misc/broken-links,server-02
2024-01-07,7,404_NOT_FOUND,14,/misc/broken-links,server-03
2024-01-07,8,404_NOT_FOUND,9,/misc/broken-links,server-03
2024-01-07,9,404_NOT_FOUND,7,/misc/broken-links,server-01
2024-01-07,9,404_NOT_FOUND,1167,/product/wireless-earbuds,server-03
2024-01-07,10,404_NOT_FOUND,13,/misc/broken-links,server-03
2024-01-07,10,404_NOT_FOUND,1177,/product/wireless-earbuds,server-02
2024-01-07,11,404_NOT_FOUND,5,/misc/broken-links,server-03
2024-01-07,11,404_NOT_FOUND,1152,/product/wireless-earbuds,server-01
2024-01-07,12,404_NOT_FOUND,8,/misc/broken-links,server-02
2024-01-07,12,404_NOT_FOUND,1170,/product/wireless-earbuds,server-03
2024-01-07,13,404_NOT_FOUND,6,/misc/broken-links,server-01
2024-01-07,13,404_NOT_FOUND,1099,/product/wireless-earbuds,server-03
2024-01-07,14,404_NOT_FOUND,2,/misc/broken-links,server-03
2024-01-07,14,404_NOT_FOUND,1150,/product/wireless-earbuds,server-02
2024-01-07,15,404_NOT_FOUND,15,/misc/broken-links,server-03
2024-01-07,15,404_NOT_FOUND,1081,/product/wireless-earbuds,server-01
2024-01-07,16,404_NOT_FOUND,11,/misc/broken-links,server-02
2024-01-07,16,404_NOT_FOUND,1155,/product/wireless-earbuds,server-01
2024-01-07,17,404_NOT_FOUND,12,/misc/broken-links,server-03
2024-01-07,17,404_NOT_FOUND,1090,/product/wireless-earbuds,server-02
2024-01-07,18,404_NOT_FOUND,4,/misc/broken-links,server-02
2024-01-07,18,404_NOT_FOUND,1172,/product/wireless-earbuds,server-01
2024-01-07,19,404_NOT_FOUND,5,/misc/broken-links,server-02
2024-01-07,19,404_NOT_FOUND,1117,/product/wireless-earbuds,server-01
2024-01-07,20,404_NOT_FOUND,12,/misc/broken-links,server-01
2024-01-07,20,404_NOT_FOUND,1167,/product/wireless-earbuds,server-03
2024-01-07,21,404_NOT_FOUND,12,/misc/broken-links,server-03
2024-01-07,21,404_NOT_FOUND,1119,/product/wireless-earbuds,server-02
2024-01-07,22,404_NOT_FOUND,2,/misc/broken-links,server-02
2024-01-07,23,404_NOT_FOUND,5,/misc/broken-links,server-01
2024-01-08,0,404_NOT_FOUND,13,/misc/broken-links,server-01
2024-01-08,1,404_NOT_FOUND,7,/misc/broken-links,server-02
2024-01-08,2,404_NOT_FOUND,14,/misc/broken-links,server-01
2024-01-08,3,404_NOT_FOUND,13,/misc/broken-links,server-01
2024-01-08,4,404_NOT_FOUND,2,/misc/broken-links,server-02
2024-01-08,5,404_NOT_FOUND,9,/misc/broken-links,server-03
2024-01-08,6,404_NOT_FOUND,8,/misc/broken-links,server-01
2024-01-08,7,404_NOT_FOUND,8,/misc/broken-links,server-02
2024-01-08,8,404_NOT_FOUND,8,/misc/broken-links,server-02
2024-01-08,9,404_NOT_FOUND,10,/misc/broken-links,server-02
2024-01-08,10,404_NOT_FOUND,3,/misc/broken-links,server-02
2024-01-08,11,404_NOT_FOUND,14,/misc/broken-links,server-03
2024-01-08,12,404_NOT_FOUND,12,/misc/broken-links,server-03
2024-01-08,13,404_NOT_FOUND,5,/misc/broken-links,server-01
2024-01-08,14,404_NOT_FOUND,9,/misc/broken-links,server-01
2024-01-08,15,404_NOT_FOUND,14,/misc/broken-links,server-01
2024-01-08,16,404_NOT_FOUND,6,/misc/broken-links,server-01
2024-01-08,17,404_NOT_FOUND,7,/misc/broken-links,server-02
2024-01-08,18,404_NOT_FOUND,3,/misc/broken-links,server-01
2024-01-08,19,404_NOT_FOUND,7,/misc/broken-links,server-01
2024-01-08,20,404_NOT_FOUND,8,/misc/broken-links,server-01
2024-01-08,21,404_NOT_FOUND,13,/misc/broken-links,server-01
2024-01-08,22,404_NOT_FOUND,10,/misc/broken-links,server-01
2024-01-08,23,404_NOT_FOUND,7,/misc/broken-links,server-03
2024-01-09,0,404_NOT_FOUND,11,/misc/broken-links,server-02
2024-01-09,1,404_NOT_FOUND,13,/misc/broken-links,server-01
2024-01-09,2,404_NOT_FOUND,8,/misc/broken-links,server-03
2024-01-09,3,404_NOT_FOUND,4,/misc/broken-links,server-03
2024-01-09,4,404_NOT_FOUND,8,/misc/broken-links,server-01
2024-01-09,5,404_NOT_FOUND,2,/misc/broken-links,server-01
2024-01-09,6,404_NOT_FOUND,7,/misc/broken-links,server-01
2024-01-09,7,404_NOT_FOUND,5,/misc/broken-links,server-02
2024-01-09,8,404_NOT_FOUND,13,/misc/broken-links,server-03
2024-01-09,9,404_NOT_FOUND,13,/misc/broken-links,server-03
2024-01-09,10,404_NOT_FOUND,10,/misc/broken-links,server-02
2024-01-09,11,404_NOT_FOUND,12,/misc/broken-links,server-02
2024-01-09,12,404_NOT_FOUND,6,/misc/broken-links,server-01
2024-01-09,13,404_NOT_FOUND,3,/misc/broken-links,server-01
2024-01-09,14,404_NOT_FOUND,8,/misc/broken-links,server-03
2024-01-09,15,404_NOT_FOUND,10,/misc/broken-links,server-02
2024-01-09,16,404_NOT_FOUND,4,/misc/broken-links,server-01
2024-01-09,17,404_NOT_FOUND,7,/misc/broken-links,server-01
2024-01-09,18,404_NOT_FOUND,8,/misc/broken-links,server-01
2024-01-09,19,404_NOT_FOUND,6,/misc/broken-links,server-03
2024-01-09,20,404_NOT_FOUND,12,/misc/broken-links,server-03
2024-01-09,21,404_NOT_FOUND,9,/misc/broken-links,server-01
2024-01-09,22,404_NOT_FOUND,3,/misc/broken-links,server-01
2024-01-09,23,404_NOT_FOUND,5,/misc/broken-links,server-01
2024-01-10,0,404_NOT_FOUND,12,/misc/broken-links,server-02
2024-01-10,1,404_NOT_FOUND,3,/misc/broken-links,server-02
2024-01-10,2,404_NOT_FOUND,15,/misc/broken-links,server-01
2024-01-10,3,404_NOT_FOUND,6,/misc/broken-links,server-02
2024-01-10,4,404_NOT_FOUND,9,/misc/broken-links,server-02
2024-01-10,5,404_NOT_FOUND,12,/misc/broken-links,server-02
2024-01-10,6,404_NOT_FOUND,3,/misc/broken-links,server-03
2024-01-10,7,404_NOT_FOUND,10,/misc/broken-links,server-02
2024-01-10,8,404_NOT_FOUND,4,/misc/broken-links,server-02
2024-01-10,9,404_NOT_FOUND,8,/misc/broken-links,server-02
2024-01-10,10,404_NOT_FOUND,4,/misc/broken-links,server-02
2024-01-10,11,404_NOT_FOUND,2,/misc/broken-links,server-02
2024-01-10,12,404_NOT_FOUND,9,/misc/broken-links,server-02
2024-01-10,13,404_NOT_FOUND,6,/misc/broken-links,server-01
2024-01-10,14,404_NOT_FOUND,15,/misc/broken-links,server-02
2024-01-10,15,404_NOT_FOUND,11,/misc/broken-links,server-01
2024-01-10,16,404_NOT_FOUND,4,/misc/broken-links,server-03
2024-01-10,17,404_NOT_FOUND,12,/misc/broken-links,server-01
2024-01-10,18,404_NOT_FOUND,3,/misc/broken-links,server-03
2024-01-10,19,404_NOT_FOUND,7,/misc/broken-links,server-03
2024-01-10,20,404_NOT_FOUND,8,/misc/broken-links,server-03
2024-01-10,21,404_NOT_FOUND,5,/misc/broken-links,server-03
2024-01-10,22,404_NOT_FOUND,2,/misc/broken-links,server-02
2024-01-10,23,404_NOT_FOUND,15,/misc/broken-links,server-03
2024-01-11,0,404_NOT_FOUND,8,/misc/broken-links,server-03
2024-01-11,1,404_NOT_FOUND,12,/misc/broken-links,server-02
2024-01-11,2,404_NOT_FOUND,11,/misc/broken-links,server-01
2024-01-11,3,404_NOT_FOUND,9,/misc/broken-links,server-02
2024-01-11,4,404_NOT_FOUND,3,/misc/broken-links,server-02
2024-01-11,5,404_NOT_FOUND,15,/misc/broken-links,server-03
2024-01-11,6,404_NOT_FOUND,2,/misc/broken-links,server-03
2024-01-11,7,404_NOT_FOUND,11,/misc/broken-links,server-03
2024-01-11,8,404_NOT_FOUND,14,/misc/broken-links,server-03
2024-01-11,9,404_NOT_FOUND,12,/misc/broken-links,server-03
2024-01-11,10,404_NOT_FOUND,4,/misc/broken-links,server-01
2024-01-11,11,404_NOT_FOUND,14,/misc/broken-links,server-02
2024-01-11,12,404_NOT_FOUND,4,/misc/broken-links,server-01
2024-01-11,13,404_NOT_FOUND,5,/misc/broken-links,server-01
2024-01-11,14,404_NOT_FOUND,4,/misc/broken-links,server-01
2024-01-11,15,404_NOT_FOUND,8,/misc/broken-links,server-01
2024-01-11,16,404_NOT_FOUND,12,/misc/broken-links,server-02
2024-01-11,17,404_NOT_FOUND,5,/misc/broken-links,server-03
2024-01-11,18,404_NOT_FOUND,4,/misc/broken-links,server-03
2024-01-11,19,404_NOT_FOUND,6,/misc/broken-links,server-02
2024-01-11,20,404_NOT_FOUND,13,/misc/broken-links,server-01
2024-01-11,21,404_NOT_FOUND,3,/misc/broken-links,server-02
2024-01-11,22,404_NOT_FOUND,10,/misc/broken-links,server-02
2024-01-11,23,404_NOT_FOUND,10,/misc/broken-links,server-02
2024-01-12,0,404_NOT_FOUND,15,/misc/broken-links,server-02
2024-01-12,1,404_NOT_FOUND,10,/misc/broken-links,server-02
2024-01-12,2,404_NOT_FOUND,15,/misc/broken-links,server-01
2024-01-12,3,404_NOT_FOUND,14,/misc/broken-links,server-03
2024-01-12,4,404_NOT_FOUND,11,/misc/broken-links,server-03
2024-01-12,5,404_NOT_FOUND,10,/misc/broken-links,server-02
2024-01-12,6,404_NOT_FOUND,3,/misc/broken-links,server-02
2024-01-12,7,404_NOT_FOUND,4,/misc/broken-links,server-01
2024-01-12,8,404_NOT_FOUND,11,/misc/broken-links,server-03
2024-01-12,9,404_NOT_FOUND,11,/misc/broken-links,server-01
2024-01-12,10,404_NOT_FOUND,3,/misc/broken-links,server-03
2024-01-12,11,404_NOT_FOUND,14,/misc/broken-links,server-01
2024-01-12,12,404_NOT_FOUND,14,/misc/broken-links,server-02
2024-01-12,13,404_NOT_FOUND,15,/misc/broken-links,server-03
2024-01-12,14,404_NOT_FOUND,7,/misc/broken-links,server-02
2024-01-12,15,404_NOT_FOUND,6,/misc/broken-links,server-02
2024-01-12,16,404_NOT_FOUND,12,/misc/broken-links,server-02
2024-01-12,17,404_NOT_FOUND,11,/misc/broken-links,server-03
2024-01-12,18,404_NOT_FOUND,9,/misc/broken-links,server-01
2024-01-12,19,404_NOT_FOUND,4,/misc/broken-links,server-02
2024-01-12,20,404_NOT_FOUND,8,/misc/broken-links,server-01
2024-01-12,21,404_NOT_FOUND,11,/misc/broken-links,server-03
2024-01-12,22,404_NOT_FOUND,12,/misc/broken-links,server-03
2024-01-12,23,404_NOT_FOUND,8,/misc/broken-links,server-01
2024-01-13,0,404_NOT_FOUND,8,/misc/broken-links,server-02
2024-01-13,1,404_NOT_FOUND,13,/misc/broken-links,server-01
2024-01-13,2,404_NOT_FOUND,2,/misc/broken-links,server-03
2024-01-13,3,404_NOT_FOUND,9,/misc/broken-links,server-02
2024-01-13,4,404_NOT_FOUND,7,/misc/broken-links,server-01
2024-01-13,5,404_NOT_FOUND,7,/misc/broken-links,server-02
2024-01-13,6,404_NOT_FOUND,6,/misc/broken-links,server-02
2024-01-13,7,404_NOT_FOUND,15,/misc/broken-links,server-02
2024-01-13,8,404_NOT_FOUND,15,/misc/broken-links,server-03
2024-01-13,9,404_NOT_FOUND,12,/misc/broken-links,server-01
2024-01-13,10,404_NOT_FOUND,15,/misc/broken-links,server-01
2024-01-13,11,404_NOT_FOUND,4,/misc/broken-links,server-02
2024-01-13,12,404_NOT_FOUND,13,/misc/broken-links,server-02
2024-01-13,13,404_NOT_FOUND,14,/misc/broken-links,server-02
2024-01-13,14,404_NOT_FOUND,6,/misc/broken-links,server-03
2024-01-13,15,404_NOT_FOUND,8,/misc/broken-links,server-03
2024-01-13,16,404_NOT_FOUND,12,/misc/broken-links,server-01
2024-01-13,17,404_NOT_FOUND,5,/misc/broken-links,server-02
2024-01-13,18,404_NOT_FOUND,5,/misc/broken-links,server-02
2024-01-13,19,404_NOT_FOUND,13,/misc/broken-links,server-02
2024-01-13,20,404_NOT_FOUND,14,/misc/broken-links,server-03
2024-01-13,21,404_NOT_FOUND,15,/misc/broken-links,server-02
2024-01-13,22,404_NOT_FOUND,15,/misc/broken-links,server-01
2024-01-13,23,404_NOT_FOUND,10,/misc/broken-links,server-01
2024-01-14,0,404_NOT_FOUND,3,/misc/broken-links,server-02
2024-01-14,1,404_NOT_FOUND,13,/misc/broken-links,server-03
2024-01-14,2,404_NOT_FOUND,8,/misc/broken-links,server-01
2024-01-14,3,404_NOT_FOUND,14,/misc/broken-links,server-03
2024-01-14,4,404_NOT_FOUND,11,/misc/broken-links,server-01
2024-01-14,5,404_NOT_FOUND,4,/misc/broken-links,server-01
2024-01-14,6,404_NOT_FOUND,15,/misc/broken-links,server-01
2024-01-14,7,404_NOT_FOUND,15,/misc/broken-links,server-01
2024-01-14,8,404_NOT_FOUND,5,/misc/broken-links,server-01
2024-01-14,9,404_NOT_FOUND,9,/misc/broken-links,server-01
2024-01-14,10,404_NOT_FOUND,7,/misc/broken-links,server-03
2024-01-14,11,404_NOT_FOUND,5,/misc/broken-links,server-02
2024-01-14,12,404_NOT_FOUND,7,/misc/broken-links,server-02
2024-01-14,13,404_NOT_FOUND,10,/misc/broken-links,server-02
2024-01-14,14,404_NOT_FOUND,12,/misc/broken-links,server-01
2024-01-14,15,404_NOT_FOUND,12,/misc/broken-links,server-01
2024-01-14,16,404_NOT_FOUND,5,/misc/broken-links,server-02
2024-01-14,17,404_NOT_FOUND,9,/misc/broken-links,server-03
2024-01-14,18,404_NOT_FOUND,9,/misc/broken-links,server-01
2024-01-14,19,404_NOT_FOUND,15,/misc/broken-links,server-02
2024-01-14,20,404_NOT_FOUND,11,/misc/broken-links,server-03
2024-01-14,21,404_NOT_FOUND,7,/misc/broken-links,server-02
2024-01-14,22,404_NOT_FOUND,4,/misc/broken-links,server-02
2024-01-14,23,404_NOT_FOUND,13,/misc/broken-links,server-03
2024-01-15,0,404_NOT_FOUND,3,/misc/broken-links,server-02
2024-01-15,1,404_NOT_FOUND,2,/misc/broken-links,server-02
2024-01-15,2,404_NOT_FOUND,2,/misc/broken-links,server-01
2024-01-15,3,404_NOT_FOUND,15,/misc/broken-links,server-03
2024-01-15,4,404_NOT_FOUND,14,/misc/broken-links,server-01
2024-01-15,5,404_NOT_FOUND,15,/misc/broken-links,server-01
2024-01-15,6,404_NOT_FOUND,12,/misc/broken-links,server-01
2024-01-15,7,404_NOT_FOUND,12,/misc/broken-links,server-01
2024-01-15,8,404_NOT_FOUND,6,/misc/broken-links,server-03
2024-01-15,9,404_NOT_FOUND,8,/misc/broken-links,server-03
2024-01-15,9,500_PAYMENT_GATEWAY,609,/checkout/payment,server-03
2024-01-15,10,404_NOT_FOUND,2,/misc/broken-links,server-02
2024-01-15,10,500_PAYMENT_GATEWAY,623,/checkout/payment,server-03
2024-01-15,11,404_NOT_FOUND,4,/misc/broken-links,server-03
2024-01-15,11,500_PAYMENT_GATEWAY,608,/checkout/payment,server-01
2024-01-15,12,404_NOT_FOUND,6,/misc/broken-links,server-03
2024-01-15,12,500_PAYMENT_GATEWAY,646,/checkout/payment,server-03
2024-01-15,13,404_NOT_FOUND,13,/misc/broken-links,server-03
2024-01-15,13,500_PAYMENT_GATEWAY,642,/checkout/payment,server-02
2024-01-15,14,404_NOT_FOUND,8,/misc/broken-links,server-02
2024-01-15,14,500_PAYMENT_GATEWAY,665,/checkout/payment,server-02
2024-01-15,15,404_NOT_FOUND,5,/misc/broken-links,server-02
2024-01-15,15,500_PAYMENT_GATEWAY,645,/checkout/payment,server-03
2024-01-15,16,404_NOT_FOUND,10,/misc/broken-links,server-03
2024-01-15,16,500_PAYMENT_GATEWAY,657,/checkout/payment,server-03
2024-01-15,17,404_NOT_FOUND,3,/misc/broken-links,server-01
2024-01-15,17,500_PAYMENT_GATEWAY,672,/checkout/payment,server-03
2024-01-15,18,404_NOT_FOUND,15,/misc/broken-links,server-02
2024-01-15,18,500_PAYMENT_GATEWAY,678,/checkout/payment,server-03
2024-01-15,19,404_NOT_FOUND,11,/misc/broken-links,server-03
2024-01-15,19,500_PAYMENT_GATEWAY,643,/checkout/payment,server-02
2024-01-15,20,404_NOT_FOUND,12,/misc/broken-links,server-01
2024-01-15,20,500_PAYMENT_GATEWAY,668,/checkout/payment,server-01
2024-01-15,21,404_NOT_FOUND,7,/misc/broken-links,server-02
2024-01-15,21,500_PAYMENT_GATEWAY,688,/checkout/payment,server-02
2024-01-15,22,404_NOT_FOUND,15,/misc/broken-links,server-02
2024-01-15,23,404_NOT_FOUND,6,/misc/broken-links,server-03
2024-01-16,0,404_NOT_FOUND,13,/misc/broken-links,server-03
2024-01-16,1,404_NOT_FOUND,6,/misc/broken-links,server-01
2024-01-16,2,404_NOT_FOUND,4,/misc/broken-links,server-03
2024-01-16,3,404_NOT_FOUND,14,/misc/broken-links,server-01
2024-01-16,4,404_NOT_FOUND,2,/misc/broken-links,server-03
2024-01-16,5,404_NOT_FOUND,8,/misc/broken-links,server-03
2024-01-16,6,404_NOT_FOUND,7,/misc/broken-links,server-03
2024-01-16,7,404_NOT_FOUND,4,/misc/broken-links,server-03
2024-01-16,8,404_NOT_FOUND,2,/misc/broken-links,server-03
2024-01-16,9,404_NOT_FOUND,9,/misc/broken-links,server-02
2024-01-16,10,404_NOT_FOUND,6,/misc/broken-links,server-02
2024-01-16,11,404_NOT_FOUND,8,/misc/broken-links,server-02
2024-01-16,12,404_NOT_FOUND,13,/misc/broken-links,server-01
2024-01-16,13,404_NOT_FOUND,11,/misc/broken-links,server-03
2024-01-16,14,404_NOT_FOUND,11,/misc/broken-links,server-01
2024-01-16,15,404_NOT_FOUND,7,/misc/broken-links,server-03
2024-01-16,16,404_NOT_FOUND,13,/misc/broken-links,server-01
2024-01-16,17,404_NOT_FOUND,12,/misc/broken-links,server-03
2024-01-16,18,404_NOT_FOUND,12,/misc/broken-links,server-02
2024-01-16,19,404_NOT_FOUND,12,/misc/broken-links,server-02
2024-01-16,20,404_NOT_FOUND,10,/misc/broken-links,server-02
2024-01-16,21,404_NOT_FOUND,15,/misc/broken-links,server-01
2024-01-16,22,404_NOT_FOUND,15,/misc/broken-links,server-03
2024-01-16,23,404_NOT_FOUND,10,/misc/broken-links,server-01
2024-01-17,0,404_NOT_FOUND,6,/misc/broken-links,server-01
2024-01-17,1,404_NOT_FOUND,9,/misc/broken-links,server-01
2024-01-17,2,404_NOT_FOUND,13,/misc/broken-links,server-02
2024-01-17,3,404_NOT_FOUND,13,/misc/broken-links,server-03
2024-01-17,4,404_NOT_FOUND,14,/misc/broken-links,server-01
2024-01-17,5,404_NOT_FOUND,12,/misc/broken-links,server-02
2024-01-17,6,404_NOT_FOUND,12,/misc/broken-links,server-01
2024-01-17,7,404_NOT_FOUND,5,/misc/broken-links,server-02
2024-01-17,8,404_NOT_FOUND,5,/misc/broken-links,server-03
2024-01-17,9,404_NOT_FOUND,15,/misc/broken-links,server-02
2024-01-17,10,404_NOT_FOUND,8,/misc/broken-links,server-02
2024-01-17,11,404_NOT_FOUND,7,/misc/broken-links,server-02
2024-01-17,12,404_NOT_FOUND,11,/misc/broken-links,server-02
2024-01-17,13,404_NOT_FOUND,9,/misc/broken-links,server-01
2024-01-17,14,404_NOT_FOUND,9,/misc/broken-links,server-01
2024-01-17,15,404_NOT_FOUND,15,/misc/broken-links,server-03
2024-01-17,16,404_NOT_FOUND,11,/misc/broken-links,server-03
2024-01-17,17,404_NOT_FOUND,11,/misc/broken-links,server-01
2024-01-17,18,404_NOT_FOUND,9,/misc/broken-links,server-01
2024-01-17,19,404_NOT_FOUND,10,/misc/broken-links,server-01
2024-01-17,20,404_NOT_FOUND,15,/misc/broken-links,server-03
2024-01-17,21,404_NOT_FOUND,8,/misc/broken-links,server-03
2024-01-17,22,404_NOT_FOUND,6,/misc/broken-links,server-02
2024-01-17,23,404_NOT_FOUND,2,/misc/broken-links,server-01
2024-01-18,0,404_NOT_FOUND,4,/misc/broken-links,server-01
2024-01-18,1,404_NOT_FOUND,7,/misc/broken-links,server-02
2024-01-18,2,404_NOT_FOUND,11,/misc/broken-links,server-02
2024-01-18,3,404_NOT_FOUND,4,/misc/broken-links,server-02
2024-01-18,4,404_NOT_FOUND,15,/misc/broken-links,server-03
2024-01-18,5,404_NOT_FOUND,4,/misc/broken-links,server-01
2024-01-18,6,404_NOT_FOUND,9,/misc/broken-links,server-02
2024-01-18,7,404_NOT_FOUND,12,/misc/broken-links,server-01
2024-01-18,8,404_NOT_FOUND,7,/misc/broken-links,server-03
2024-01-18,9,404_NOT_FOUND,2,/misc/broken-links,server-01
2024-01-18,10,404_NOT_FOUND,9,/misc/broken-links,server-02
2024-01-18,11,404_NOT_FOUND,5,/misc/broken-links,server-01
2024-01-18,12,404_NOT_FOUND,11,/misc/broken-links,server-01
2024-01-18,13,404_NOT_FOUND,9,/misc/broken-links,server-01
2024-01-18,14,404_NOT_FOUND,4,/misc/broken-links,server-03
2024-01-18,15,404_NOT_FOUND,8,/misc/broken-links,server-03
2024-01-18,16,404_NOT_FOUND,8,/misc/broken-links,server-02
2024-01-18,17,404_NOT_FOUND,8,/misc/broken-links,server-02
2024-01-18,18,404_NOT_FOUND,8,/misc/broken-links,server-01
2024-01-18,19,404_NOT_FOUND,2,/misc/broken-links,server-03
2024-01-18,20,404_NOT_FOUND,5,/misc/broken-links,server-03
2024-01-18,21,404_NOT_FOUND,7,/misc/broken-links,server-01
2024-01-18,22,404_NOT_FOUND,7,/misc/broken-links,server-03
2024-01-18,23,404_NOT_FOUND,5,/misc/broken-links,server-01
2024-01-19,0,404_NOT_FOUND,12,/misc/broken-links,server-01
2024-01-19,1,404_NOT_FOUND,12,/misc/broken-links,server-03
2024-01-19,2,404_NOT_FOUND,5,/misc/broken-links,server-01
2024-01-19,3,404_NOT_FOUND,13,/misc/broken-links,server-02
2024-01-19,4,404_NOT_FOUND,6,/misc/broken-links,server-01
2024-01-19,5,404_NOT_FOUND,3,/misc/broken-links,server-02
2024-01-19,6,404_NOT_FOUND,10,/misc/broken-links,server-03
2024-01-19,7,404_NOT_FOUND,6,/misc/broken-links,server-01
2024-01-19,8,404_NOT_FOUND,3,/misc/broken-links,server-01
2024-01-19,9,404_NOT_FOUND,6,/misc/broken-links,server-02
2024-01-19,10,404_NOT_FOUND,9,/misc/broken-links,server-03
2024-01-19,11,404_NOT_FOUND,10,/misc/broken-links,server-03
2024-01-19,12,404_NOT_FOUND,10,/misc/broken-links,server-02
2024-01-19,13,404_NOT_FOUND,8,/misc/broken-links,server-03
2024-01-19,14,404_NOT_FOUND,4,/misc/broken-links,server-02
2024-01-19,15,404_NOT_FOUND,9,/misc/broken-links,server-02
2024-01-19,16,404_NOT_FOUND,14,/misc/broken-links,server-01
2024-01-19,17,404_NOT_FOUND,4,/misc/broken-links,server-02
2024-01-19,18,404_NOT_FOUND,2,/misc/broken-links,server-01
2024-01-19,19,404_NOT_FOUND,5,/misc/broken-links,server-03
2024-01-19,20,404_NOT_FOUND,4,/misc/broken-links,server-01
2024-01-19,21,404_NOT_FOUND,13,/misc/broken-links,server-01
2024-01-19,22,404_NOT_FOUND,11,/misc/broken-links,server-03
2024-01-19,23,404_NOT_FOUND,4,/misc/broken-links,server-01
2024-01-20,0,404_NOT_FOUND,7,/misc/broken-links,server-03
2024-01-20,1,404_NOT_FOUND,12,/misc/broken-links,server-01
2024-01-20,2,404_NOT_FOUND,8,/misc/broken-links,server-03
2024-01-20,3,404_NOT_FOUND,6,/misc/broken-links,server-03
2024-01-20,4,404_NOT_FOUND,11,/misc/broken-links,server-01
2024-01-20,5,404_NOT_FOUND,11,/misc/broken-links,server-01
2024-01-20,6,404_NOT_FOUND,12,/misc/broken-links,server-01
2024-01-20,7,404_NOT_FOUND,12,/misc/broken-links,server-01
2024-01-20,8,404_NOT_FOUND,2,/misc/broken-links,server-03
2024-01-20,9,404_NOT_FOUND,3,/misc/broken-links,server-02
2024-01-20,10,404_NOT_FOUND,9,/misc/broken-links,server-02
2024-01-20,11,404_NOT_FOUND,3,/misc/broken-links,server-03
2024-01-20,12,404_NOT_FOUND,6,/misc/broken-links,server-02
2024-01-20,13,404_NOT_FOUND,13,/misc/broken-links,server-01
2024-01-20,14,404_NOT_FOUND,5,/misc/broken-links,server-03
2024-01-20,15,404_NOT_FOUND,12,/misc/broken-links,server-03
2024-01-20,16,404_NOT_FOUND,2,/misc/broken-links,server-02
2024-01-20,17,404_NOT_FOUND,8,/misc/broken-links,server-03
2024-01-20,18,404_NOT_FOUND,3,/misc/broken-links,server-03
2024-01-20,19,404_NOT_FOUND,10,/misc/broken-links,server-02
2024-01-20,20,404_NOT_FOUND,11,/misc/broken-links,server-03
2024-01-20,21,404_NOT_FOUND,13,/misc/broken-links,server-01
2024-01-20,22,404_NOT_FOUND,8,/misc/broken-links,server-01
2024-01-20,23,404_NOT_FOUND,10,/misc/broken-links,server-03
2024-01-21,0,404_NOT_FOUND,11,/misc/broken-links,server-01
2024-01-21,1,404_NOT_FOUND,6,/misc/broken-links,server-01
2024-01-21,2,404_NOT_FOUND,14,/misc/broken-links,server-01
2024-01-21,3,404_NOT_FOUND,9,/misc/broken-links,server-01
2024-01-21,4,404_NOT_FOUND,11,/misc/broken-links,server-01
2024-01-21,5,404_NOT_FOUND,14,/misc/broken-links,server-02
2024-01-21,6,404_NOT_FOUND,15,/misc/broken-links,server-03
2024-01-21,7,404_NOT_FOUND,5,/misc/broken-links,server-02
2024-01-21,8,404_NOT_FOUND,13,/misc/broken-links,server-02
2024-01-21,9,404_NOT_FOUND,6,/misc/broken-links,server-01
2024-01-21,10,404_NOT_FOUND,2,/misc/broken-links,server-03
2024-01-21,11,404_NOT_FOUND,9,/misc/broken-links,server-01
2024-01-21,12,404_NOT_FOUND,13,/misc/broken-links,server-02
2024-01-21,13,404_NOT_FOUND,7,/misc/broken-links,server-01
2024-01-21,14,404_NOT_FOUND,2,/misc/broken-links,server-01
2024-01-21,15,404_NOT_FOUND,12,/misc/broken-links,server-01
2024-01-21,16,404_NOT_FOUND,3,/misc/broken-links,server-03
2024-01-21,17,404_NOT_FOUND,12,/misc/broken-links,server-02
2024-01-21,18,404_NOT_FOUND,4,/misc/broken-links,server-01
2024-01-21,19,404_NOT_FOUND,14,/misc/broken-links,server-03
2024-01-21,20,404_NOT_FOUND,3,/misc/broken-links,server-03
2024-01-21,21,404_NOT_FOUND,13,/misc/broken-links,server-01
2024-01-21,22,404_NOT_FOUND,6,/misc/broken-links,server-03
2024-01-21,23,404_NOT_FOUND,5,/misc/broken-links,server-02
2024-01-22,0,404_NOT_FOUND,6,/misc/broken-links,server-02
2024-01-22,1,404_NOT_FOUND,9,/misc/broken-links,server-01
2024-01-22,2,404_NOT_FOUND,3,/misc/broken-links,server-01
2024-01-22,3,404_NOT_FOUND,15,/misc/broken-links,server-01
2024-01-22,4,404_NOT_FOUND,15,/misc/broken-links,server-02
2024-01-22,5,404_NOT_FOUND,7,/misc/broken-links,server-03
2024-01-22,6,404_NOT_FOUND,7,/misc/broken-links,server-02
2024-01-22,7,404_NOT_FOUND,13,/misc/broken-links,server-01
2024-01-22,8,404_NOT_FOUND,3,/misc/broken-links,server-01
2024-01-22,9,404_NOT_FOUND,2,/misc/broken-links,server-01
2024-01-22,10,404_NOT_FOUND,12,/misc/broken-links,server-03
2024-01-22,11,404_NOT_FOUND,4,/misc/broken-links,server-02
2024-01-22,12,404_NOT_FOUND,7,/misc/broken-links,server-02
2024-01-22,13,404_NOT_FOUND,11,/misc/broken-links,server-02
2024-01-22,14,404_NOT_FOUND,13,/misc/broken-links,server-01
2024-01-22,15,404_NOT_FOUND,7,/misc/broken-links,server-02
2024-01-22,16,404_NOT_FOUND,4,/misc/broken-links,server-01
2024-01-22,17,404_NOT_FOUND,8,/misc/broken-links,server-02
2024-01-22,18,404_NOT_FOUND,9,/misc/broken-links,server-02
2024-01-22,19,404_NOT_FOUND,15,/misc/broken-links,server-02
2024-01-22,20,404_NOT_FOUND,13,/misc/broken-links,server-02
2024-01-22,21,404_NOT_FOUND,14,/misc/broken-links,server-02
2024-01-22,22,404_NOT_FOUND,12,/misc/broken-links,server-01
2024-01-22,23,404_NOT_FOUND,3,/misc/broken-links,server-01
2024-01-23,0,404_NOT_FOUND,13,/misc/broken-links,server-03
2024-01-23,1,404_NOT_FOUND,2,/misc/broken-links,server-01
2024-01-23,2,404_NOT_FOUND,3,/misc/broken-links,server-02
2024-01-23,3,404_NOT_FOUND,11,/misc/broken-links,server-02
2024-01-23,4,404_NOT_FOUND,14,/misc/broken-links,server-03
2024-01-23,5,404_NOT_FOUND,12,/misc/broken-links,server-02
2024-01-23,6,404_NOT_FOUND,4,/misc/broken-links,server-03
2024-01-23,7,404_NOT_FOUND,8,/misc/broken-links,server-02
2024-01-23,8,404_NOT_FOUND,11,/misc/broken-links,server-01
2024-01-23,9,404_NOT_FOUND,15,/misc/broken-links,server-03
2024-01-23,9,503_SERVER_TIMEOUT,455,/api/cart,server-01
2024-01-23,10,404_NOT_FOUND,9,/misc/broken-links,server-02
2024-01-23,10,503_SERVER_TIMEOUT,376,/api/cart,server-02
2024-01-23,11,404_NOT_FOUND,9,/misc/broken-links,server-01
2024-01-23,11,503_SERVER_TIMEOUT,370,/api/cart,server-02
2024-01-23,12,404_NOT_FOUND,12,/misc/broken-links,server-02
2024-01-23,12,503_SERVER_TIMEOUT,363,/api/cart,server-03
2024-01-23,13,404_NOT_FOUND,15,/misc/broken-links,server-03
2024-01-23,13,503_SERVER_TIMEOUT,429,/api/cart,server-03
2024-01-23,14,404_NOT_FOUND,11,/misc/broken-links,server-03
2024-01-23,14,503_SERVER_TIMEOUT,434,/api/cart,server-01
2024-01-23,15,404_NOT_FOUND,12,/misc/broken-links,server-02
2024-01-23,15,503_SERVER_TIMEOUT,428,/api/cart,server-03
2024-01-23,16,404_NOT_FOUND,13,/misc/broken-links,server-03
2024-01-23,16,503_SERVER_TIMEOUT,441,/api/cart,server-01
2024-01-23,17,404_NOT_FOUND,8,/misc/broken-links,server-03
2024-01-23,17,503_SERVER_TIMEOUT,455,/api/cart,server-01
2024-01-23,18,404_NOT_FOUND,9,/misc/broken-links,server-02
2024-01-23,18,503_SERVER_TIMEOUT,446,/api/cart,server-03
2024-01-23,19,404_NOT_FOUND,12,/misc/broken-links,server-02
2024-01-23,19,503_SERVER_TIMEOUT,381,/api/cart,server-03
2024-01-23,20,404_NOT_FOUND,11,/misc/broken-links,server-01
2024-01-23,20,503_SERVER_TIMEOUT,363,/api/cart,server-03
2024-01-23,21,404_NOT_FOUND,4,/misc/broken-links,server-03
2024-01-23,21,503_SERVER_TIMEOUT,422,/api/cart,server-02
2024-01-23,22,404_NOT_FOUND,15,/misc/broken-links,server-01
2024-01-23,23,404_NOT_FOUND,3,/misc/broken-links,server-02
2024-01-24,0,404_NOT_FOUND,7,/misc/broken-links,server-01
2024-01-24,1,404_NOT_FOUND,7,/misc/broken-links,server-02
2024-01-24,2,404_NOT_FOUND,2,/misc/broken-links,server-03
2024-01-24,3,404_NOT_FOUND,5,/misc/broken-links,server-03
2024-01-24,4,404_NOT_FOUND,12,/misc/broken-links,server-02
2024-01-24,5,404_NOT_FOUND,8,/misc/broken-links,server-01
2024-01-24,6,404_NOT_FOUND,3,/misc/broken-links,server-02
2024-01-24,7,404_NOT_FOUND,9,/misc/broken-links,server-03
2024-01-24,8,404_NOT_FOUND,9,/misc/broken-links,server-01
2024-01-24,9,404_NOT_FOUND,15,/misc/broken-links,server-02
2024-01-24,10,404_NOT_FOUND,9,/misc/broken-links,server-02
2024-01-24,11,404_NOT_FOUND,3,/misc/broken-links,server-02
2024-01-24,12,404_NOT_FOUND,13,/misc/broken-links,server-03
2024-01-24,13,404_NOT_FOUND,2,/misc/broken-links,server-01
2024-01-24,14,404_NOT_FOUND,8,/misc/broken-links,server-02
2024-01-24,15,404_NOT_FOUND,2,/misc/broken-links,server-03
2024-01-24,16,404_NOT_FOUND,10,/misc/broken-links,server-01
2024-01-24,17,404_NOT_FOUND,15,/misc/broken-links,server-01
2024-01-24,18,404_NOT_FOUND,14,/misc/broken-links,server-03
2024-01-24,19,404_NOT_FOUND,11,/misc/broken-links,server-03
2024-01-24,20,404_NOT_FOUND,6,/misc/broken-links,server-03
2024-01-24,21,404_NOT_FOUND,10,/misc/broken-links,server-01
2024-01-24,22,404_NOT_FOUND,12,/misc/broken-links,server-03
2024-01-24,23,404_NOT_FOUND,9,/misc/broken-links,server-02
2024-01-25,0,404_NOT_FOUND,7,/misc/broken-links,server-01
2024-01-25,1,404_NOT_FOUND,15,/misc/broken-links,server-01
2024-01-25,2,404_NOT_FOUND,15,/misc/broken-links,server-02
2024-01-25,3,404_NOT_FOUND,7,/misc/broken-links,server-03
2024-01-25,4,404_NOT_FOUND,14,/misc/broken-links,server-03
2024-01-25,5,404_NOT_FOUND,11,/misc/broken-links,server-02
2024-01-25,6,404_NOT_FOUND,13,/misc/broken-links,server-03
2024-01-25,7,404_NOT_FOUND,7,/misc/broken-links,server-03
2024-01-25,8,404_NOT_FOUND,9,/misc/broken-links,server-01
2024-01-25,9,404_NOT_FOUND,3,/misc/broken-links,server-03
2024-01-25,10,404_NOT_FOUND,5,/misc/broken-links,server-01
2024-01-25,11,404_NOT_FOUND,7,/misc/broken-links,server-02
2024-01-25,12,404_NOT_FOUND,15,/misc/broken-links,server-03
2024-01-25,13,404_NOT_FOUND,14,/misc/broken-links,server-02
2024-01-25,14,404_NOT_FOUND,10,/misc/broken-links,server-03
2024-01-25,15,404_NOT_FOUND,7,/misc/broken-links,server-03
2024-01-25,16,404_NOT_FOUND,3,/misc/broken-links,server-01
2024-01-25,17,404_NOT_FOUND,4,/misc/broken-links,server-02
2024-01-25,18,404_NOT_FOUND,4,/misc/broken-links,server-03
2024-01-25,19,404_NOT_FOUND,13,/misc/broken-links,server-03
2024-01-25,20,404_NOT_FOUND,8,/misc/broken-links,server-01
2024-01-25,21,404_NOT_FOUND,6,/misc/broken-links,server-03
2024-01-25,22,404_NOT_FOUND,5,/misc/broken-links,server-01
2024-01-25,23,404_NOT_FOUND,3,/misc/broken-links,server-02
2024-01-26,0,404_NOT_FOUND,5,/misc/broken-links,server-02
2024-01-26,1,404_NOT_FOUND,15,/misc/broken-links,server-01
2024-01-26,2,404_NOT_FOUND,13,/misc/broken-links,server-02
2024-01-26,3,404_NOT_FOUND,3,/misc/broken-links,server-02
2024-01-26,4,404_NOT_FOUND,2,/misc/broken-links,server-03
2024-01-26,5,404_NOT_FOUND,15,/misc/broken-links,server-03
2024-01-26,6,404_NOT_FOUND,11,/misc/broken-links,server-01
2024-01-26,7,404_NOT_FOUND,14,/misc/broken-links,server-02
2024-01-26,8,404_NOT_FOUND,9,/misc/broken-links,server-03
2024-01-26,9,404_NOT_FOUND,11,/misc/broken-links,server-03
2024-01-26,10,404_NOT_FOUND,4,/misc/broken-links,server-02
2024-01-26,11,404_NOT_FOUND,2,/misc/broken-links,server-03
2024-01-26,12,404_NOT_FOUND,13,/misc/broken-links,server-01
2024-01-26,13,404_NOT_FOUND,10,/misc/broken-links,server-02
2024-01-26,14,404_NOT_FOUND,15,/misc/broken-links,server-03
2024-01-26,15,404_NOT_FOUND,9,/misc/broken-links,server-03
2024-01-26,16,404_NOT_FOUND,14,/misc/broken-links,server-01
2024-01-26,17,404_NOT_FOUND,13,/misc/broken-links,server-03
2024-01-26,18,404_NOT_FOUND,4,/misc/broken-links,server-03
2024-01-26,19,404_NOT_FOUND,15,/misc/broken-links,server-01
2024-01-26,20,404_NOT_FOUND,3,/misc/broken-links,server-02
2024-01-26,21,404_NOT_FOUND,12,/misc/broken-links,server-03
2024-01-26,22,404_NOT_FOUND,11,/misc/broken-links,server-02
2024-01-26,23,404_NOT_FOUND,10,/misc/broken-links,server-02
2024-01-27,0,404_NOT_FOUND,8,/misc/broken-links,server-03
2024-01-27,1,404_NOT_FOUND,13,/misc/broken-links,server-01
2024-01-27,2,404_NOT_FOUND,6,/misc/broken-links,server-02
2024-01-27,3,404_NOT_FOUND,7,/misc/broken-links,server-02
2024-01-27,4,404_NOT_FOUND,9,/misc/broken-links,server-01
2024-01-27,5,404_NOT_FOUND,4,/misc/broken-links,server-02
2024-01-27,6,404_NOT_FOUND,11,/misc/broken-links,server-03
2024-01-27,7,404_NOT_FOUND,13,/misc/broken-links,server-03
2024-01-27,8,404_NOT_FOUND,6,/misc/broken-links,server-03
2024-01-27,9,404_NOT_FOUND,10,/misc/broken-links,server-02
2024-01-27,10,404_NOT_FOUND,13,/misc/broken-links,server-03
2024-01-27,11,404_NOT_FOUND,10,/misc/broken-links,server-03
2024-01-27,12,404_NOT_FOUND,5,/misc/broken-links,server-01
2024-01-27,13,404_NOT_FOUND,5,/misc/broken-links,server-03
2024-01-27,14,404_NOT_FOUND,13,/misc/broken-links,server-02
2024-01-27,15,404_NOT_FOUND,12,/misc/broken-links,server-02
2024-01-27,16,404_NOT_FOUND,12,/misc/broken-links,server-01
2024-01-27,17,404_NOT_FOUND,13,/misc/broken-links,server-03
2024-01-27,18,404_NOT_FOUND,4,/misc/broken-links,server-03
2024-01-27,19,404_NOT_FOUND,10,/misc/broken-links,server-03
2024-01-27,20,404_NOT_FOUND,12,/misc/broken-links,server-02
2024-01-27,21,404_NOT_FOUND,13,/misc/broken-links,server-01
2024-01-27,22,404_NOT_FOUND,14,/misc/broken-links,server-02
2024-01-27,23,404_NOT_FOUND,10,/misc/broken-links,server-02
2024-01-28,0,404_NOT_FOUND,11,/misc/broken-links,server-03
2024-01-28,1,404_NOT_FOUND,12,/misc/broken-links,server-03
2024-01-28,2,404_NOT_FOUND,8,/misc/broken-links,server-03
2024-01-28,3,404_NOT_FOUND,13,/misc/broken-links,server-03
2024-01-28,4,404_NOT_FOUND,6,/misc/broken-links,server-02
2024-01-28,5,404_NOT_FOUND,14,/misc/broken-links,server-01
2024-01-28,6,404_NOT_FOUND,10,/misc/broken-links,server-01
2024-01-28,7,404_NOT_FOUND,2,/misc/broken-links,server-02
2024-01-28,8,404_NOT_FOUND,4,/misc/broken-links,server-01
2024-01-28,9,404_NOT_FOUND,12,/misc/broken-links,server-01
2024-01-28,10,404_NOT_FOUND,5,/misc/broken-links,server-02
2024-01-28,11,404_NOT_FOUND,14,/misc/broken-links,server-01
2024-01-28,12,404_NOT_FOUND,6,/misc/broken-links,server-03
2024-01-28,13,404_NOT_FOUND,6,/misc/broken-links,server-01
2024-01-28,14,404_NOT_FOUND,15,/misc/broken-links,server-01
2024-01-28,15,404_NOT_FOUND,13,/misc/broken-links,server-02
2024-01-28,16,404_NOT_FOUND,5,/misc/broken-links,server-03
2024-01-28,17,404_NOT_FOUND,2,/misc/broken-links,server-02
2024-01-28,18,404_NOT_FOUND,15,/misc/broken-links,server-02
2024-01-28,19,404_NOT_FOUND,3,/misc/broken-links,server-03
2024-01-28,20,404_NOT_FOUND,15,/misc/broken-links,server-03
2024-01-28,21,404_NOT_FOUND,13,/misc/broken-links,server-03
2024-01-28,22,404_NOT_FOUND,15,/misc/broken-links,server-01
2024-01-28,23,404_NOT_FOUND,13,/misc/broken-links,server-03
2024-01-29,0,404_NOT_FOUND,10,/misc/broken-links,server-02
2024-01-29,1,404_NOT_FOUND,5,/misc/broken-links,server-03
2024-01-29,2,404_NOT_FOUND,14,/misc/broken-links,server-03
2024-01-29,3,404_NOT_FOUND,6,/misc/broken-links,server-03
2024-01-29,4,404_NOT_FOUND,12,/misc/broken-links,server-01
2024-01-29,5,404_NOT_FOUND,8,/misc/broken-links,server-02
2024-01-29,6,404_NOT_FOUND,8,/misc/broken-links,server-03
2024-01-29,7,404_NOT_FOUND,7,/misc/broken-links,server-03
2024-01-29,8,404_NOT_FOUND,2,/misc/broken-links,server-01
2024-01-29,9,404_NOT_FOUND,13,/misc/broken-links,server-02
2024-01-29,10,404_NOT_FOUND,5,/misc/broken-links,server-03
2024-01-29,11,404_NOT_FOUND,15,/misc/broken-links,server-02
2024-01-29,12,404_NOT_FOUND,15,/misc/broken-links,server-01
2024-01-29,13,404_NOT_FOUND,12,/misc/broken-links,server-03
2024-01-29,14,404_NOT_FOUND,13,/misc/broken-links,server-03
2024-01-29,15,404_NOT_FOUND,7,/misc/broken-links,server-03
2024-01-29,16,404_NOT_FOUND,10,/misc/broken-links,server-03
2024-01-29,17,404_NOT_FOUND,11,/misc/broken-links,server-01
2024-01-29,18,404_NOT_FOUND,14,/misc/broken-links,server-03
2024-01-29,19,404_NOT_FOUND,5,/misc/broken-links,server-02
2024-01-29,20,404_NOT_FOUND,9,/misc/broken-links,server-01
2024-01-29,21,404_NOT_FOUND,12,/misc/broken-links,server-01
2024-01-29,22,404_NOT_FOUND,4,/misc/broken-links,server-01
2024-01-29,23,404_NOT_FOUND,13,/misc/broken-links,server-03
2024-01-30,0,404_NOT_FOUND,3,/misc/broken-links,server-02
2024-01-30,1,404_NOT_FOUND,2,/misc/broken-links,server-02
2024-01-30,2,404_NOT_FOUND,6,/misc/broken-links,server-03
2024-01-30,3,404_NOT_FOUND,6,/misc/broken-links,server-01
2024-01-30,4,404_NOT_FOUND,4,/misc/broken-links,server-03
2024-01-30,5,404_NOT_FOUND,15,/misc/broken-links,server-02
2024-01-30,6,404_NOT_FOUND,2,/misc/broken-links,server-02
2024-01-30,7,404_NOT_FOUND,9,/misc/broken-links,server-03
2024-01-30,8,404_NOT_FOUND,4,/misc/broken-links,server-01
2024-01-30,9,404_NOT_FOUND,4,/misc/broken-links,server-02
2024-01-30,10,404_NOT_FOUND,11,/misc/broken-links,server-01
2024-01-30,11,404_NOT_FOUND,14,/misc/broken-links,server-03
2024-01-30,12,404_NOT_FOUND,11,/misc/broken-links,server-03
2024-01-30,13,404_NOT_FOUND,6,/misc/broken-links,server-02
2024-01-30,14,404_NOT_FOUND,14,/misc/broken-links,server-03
2024-01-30,15,404_NOT_FOUND,10,/misc/broken-links,server-02
2024-01-30,16,404_NOT_FOUND,3,/misc/broken-links,server-03
2024-01-30,17,404_NOT_FOUND,7,/misc/broken-links,server-03
2024-01-30,18,404_NOT_FOUND,5,/misc/broken-links,server-01
2024-01-30,19,404_NOT_FOUND,10,/misc/broken-links,server-01
2024-01-30,20,404_NOT_FOUND,14,/misc/broken-links,server-03
2024-01-30,21,404_NOT_FOUND,4,/misc/broken-links,server-02
2024-01-30,22,404_NOT_FOUND,10,/misc/broken-links,server-03
2024-01-30,23,404_NOT_FOUND,8,/misc/broken-links,server-01
